Meand13C,SDd13C,Meand15N,SDd15N
-28.86177126,0.672587811,2.256666667,0.619784909
-30.38741682,1.361633202,5.143636364,1.39875854
-24.10398094,2.956221204,4.718636364,1.934196758
